{
    "parent": "totw_reworked:root",
    "display": {
        "icon": {
            "item": "minecraft:birch_boat"
        },
        "title": {
            "translate": "Is this an Island?"
        },
        "description": {
            "translate": "Find a Tower in the Ocean"
        },
        "frame": "task",
        "show_toast": true,
        "announce_to_chat": true,
        "hidden": false
    },
    "criteria": {
        "ocean": {
            "trigger": "minecraft:location",
            "conditions": {
                "player": {
                    "location": {
                        "structure": "totw_reworked:ocean"
                    }
                }
            }
        }
    },
    "requirements": [
        [
            "ocean"
        ]
    ]
}
